Workbook

Sheet Summary
A1: Job Search Summary
A3: Metric | B3: Count | D3: How to use this tracker
A4: Total listings | B4: =COUNTA('Job Tracker'!B2:B52) | D4: Go to the 'Job Tracker' tab. Pale yellow columns are yours to fill in:
A5: Applied (Applied? = Yes) | B5: =COUNTIF('Job Tracker'!N2:N52,"Yes") | D5: • Applied? – pick Yes/No from the dropdown.
A6: By status | D6: • Date Applied – type a date, e.g. 2026-10-05. 'Days Since Applied' calculates automatically.
A7: Not Applied | B7: =COUNTIF('Job Tracker'!Q2:Q52,A7) | D7: • Status – pick from the dropdown; the row colour changes with it.
A8: Applied | B8: =COUNTIF('Job Tracker'!Q2:Q52,A8) | D8: • Last Update, Next Step / Follow-up Date, Contact / Recruiter, Notes – free text.
A9: No Response | B9: =COUNTIF('Job Tracker'!Q2:Q52,A9) | D9: New listings: add them in the empty rows at the bottom, with today's date in Date Added.
A10: Phone Screen | B10: =COUNTIF('Job Tracker'!Q2:Q52,A10) | D10: Example entry: Applied? = Yes | Date Applied = 2026-10-06 | Status = Applied | Next Step = Follow up 2026-10-20
A11: Interview Scheduled | B11: =COUNTIF('Job Tracker'!Q2:Q52,A11)
A12: Interviewing | B12: =COUNTIF('Job Tracker'!Q2:Q52,A12) | D12: Notes on the data
A13: Offer | B13: =COUNTIF('Job Tracker'!Q2:Q52,A13) | D13: Date Added is the day a listing went into this tracker.
A14: Accepted | B14: =COUNTIF('Job Tracker'!Q2:Q52,A14) | D14: Pay is copied as the listing showed it; 'Not listed' means no figure was given.
A15: Rejected | B15: =COUNTIF('Job Tracker'!Q2:Q52,A15) | D15: Distances are rough driving estimates from home, not exact.
A16: Withdrawn | B16: =COUNTIF('Job Tracker'!Q2:Q52,A16) | D16: Where a listing gave little detail, the cell says so. Check the full posting before applying.
A18: Interview rate (of applied) | B18: =IFERROR((COUNTIF('Job Tracker'!Q2:Q52,"Phone Screen")+COUNTIF('Job Tracker'!Q2:Q52,"Interview Scheduled")+COUNTIF('Job Tracker'!Q2:Q52,"Interviewing")+COUNTIF('Job Tracker'!Q2:Q52,"Offer")+COUNTIF('Job Tracker'!Q2:Q52,"Accepted"))/B5,0)
A19: Offers received | B19: =COUNTIF('Job Tracker'!Q2:Q52,"Offer")+COUNTIF('Job Tracker'!Q2:Q52,"Accepted")

Sheet Job Tracker
A1: Date Added | B1: Company | C1: Role | D1: Location | E1: Approx. km from Kitchener | F1: Work Model | G1: Pay (as listed) | H1: Category | I1: Fit / Priority | J1: Key Requirements (from listing) | K1: How Your Resume Matches | L1: Gaps to Address | M1: Listing Source | N1: Applied? | O1: Date Applied | P1: Days Since Applied | Q1: Status | R1: Last Update | S1: Next Step / Follow-up Date | T1: Contact / Recruiter | U1: Notes
A2: 46296 | B2: Northbay Logistics (example) | C2: Data Analyst | D2: Kitchener, ON | E2: 0 | F2: Hybrid (3 days in office) | G2: $68,000 - $78,000 a year | H2: Data / Analytics | I2: High | J2: SQL, Power BI or Tableau, 2+ years building reports, clear communication with operations teams. | K2: Built weekly SQL and Excel dashboards for 40 managers; automated reporting with Python. | L2: No Tableau listed: mention Power BI as the equivalent. | M2: https://www.example.com/jobs/data-analyst-1234 | N2: Yes | O2: 46298 | P2: =IF(O2="","",IF(Q2="Not Applied","",TODAY()-O2)) | Q2: Interview Scheduled | R2: 46304 | S2: Video interview 2026-10-14 at 10:00 | T2: Sam Lee, Talent Acquisition | U2: EXAMPLE ROW: delete it when you start your own tracker. Posted 2026-09-29; Closes 2026-10-20 | My notes: Ask about the hybrid schedule.
A3: 46297 | B3: Maple Grove Health (example) | C3: HR Assistant | D3: Waterloo, ON | E3: 6 | F3: On-site | G3: $24 - $27 an hour | H3: Admin / HR | I3: Medium | J3: Post-secondary HR diploma, HRIS data entry, scheduling, confidentiality. | K3: Two years of office administration and scheduling; strong with Excel. | L3: No HR diploma: the CHRP course is in progress. | M3: https://www.example.com/careers/hr-assistant-5678 | N3: Yes | O3: 46299 | P3: =IF(O3="","",IF(Q3="Not Applied","",TODAY()-O3)) | Q3: Applied | R3: 46299 | S3: Send a thank-you note; Follow up 2026-10-14 | U3: EXAMPLE ROW: delete it when you start your own tracker. Found by an AI search on 2026-10-02
A4: 46300 | B4: Riverside Software (example) | C4: Junior .NET Developer | D4: Remote (Ontario) | E4: 0 | F4: Remote | G4: Not listed | H4: Software | I4: Stretch | J4: C#, ASP.NET Core, SQL Server, Git, 1+ year of professional experience. | K4: C# and SQL Server from college projects and a co-op term. | L4: Less than a year of paid experience; no ASP.NET Core in production. | M4: https://www.example.com/jobs/junior-dotnet-9012 | N4: No | P4: =IF(O4="","",IF(Q4="Not Applied","",TODAY()-O4)) | Q4: Not Applied | U4: EXAMPLE ROW: delete it when you start your own tracker. Careers page: https://www.example.com/careers
P5: =IF(O5="","",IF(Q5="Not Applied","",TODAY()-O5))
P6: =IF(O6="","",IF(Q6="Not Applied","",TODAY()-O6))
P7: =IF(O7="","",IF(Q7="Not Applied","",TODAY()-O7))
P8: =IF(O8="","",IF(Q8="Not Applied","",TODAY()-O8))
P9: =IF(O9="","",IF(Q9="Not Applied","",TODAY()-O9))
P10: =IF(O10="","",IF(Q10="Not Applied","",TODAY()-O10))
P11: =IF(O11="","",IF(Q11="Not Applied","",TODAY()-O11))
P12: =IF(O12="","",IF(Q12="Not Applied","",TODAY()-O12))
P13: =IF(O13="","",IF(Q13="Not Applied","",TODAY()-O13))
P14: =IF(O14="","",IF(Q14="Not Applied","",TODAY()-O14))
P15: =IF(O15="","",IF(Q15="Not Applied","",TODAY()-O15))
P16: =IF(O16="","",IF(Q16="Not Applied","",TODAY()-O16))
... P52: =IF(O52="","",IF(Q52="Not Applied","",TODAY()-O52))
